source,target,weight
5,380,1.0
5,476,1.0
5,538,1.0
5,545,1.0
5,559,1.0
5,584,1.0
5,626,1.0
5,704,1.0
5,724,1.0
5,939,1.0
5,990,1.0
5,1352,1.0
5,1579,1.0
5,1624,1.0
5,1705,1.0
5,2132,1.0
5,2548,1.0
5,3003,1.0
5,3172,1.0
5,3359,1.0
21,3617,0.3129146099090576
21,3195,0.3025658130645752
40,281,0.3120240569114685
68,380,1.0
68,476,1.0
68,538,1.0
68,545,1.0
68,559,1.0
68,584,1.0
68,626,1.0
68,704,1.0
68,724,1.0
68,939,1.0
68,990,1.0
68,1352,1.0
68,1579,1.0
68,1624,1.0
68,1705,1.0
68,2132,1.0
68,2548,1.0
68,3003,1.0
68,3172,1.0
68,3359,1.0
68,351,1.0
69,1835,0.36921924352645874
77,147,0.3337922692298889
77,204,0.306563138961792
81,281,0.40772634744644165
82,1181,0.33612060546875
82,412,0.3273492455482483
82,427,0.31816285848617554
85,1181,0.36905378103256226
85,412,0.34246885776519775
85,427,0.32576000690460205
89,90,0.3598881959915161
101,103,0.31873518228530884
103,1181,0.3306621313095093
109,110,0.3305093050003052
118,124,0.31611043214797974
146,1954,0.3062090277671814
146,3008,0.3062090277671814
147,204,0.3018401861190796
167,1641,0.3216758370399475
183,1347,0.34504032135009766
196,197,0.3619317412376404
197,1645,0.3147634267807007
200,201,0.3309396505355835
200,1444,0.3214929699897766
201,1444,0.38698577880859375
206,2664,0.34403055906295776
210,412,0.3259592652320862
210,427,0.3162574768066406
210,1187,0.3107408881187439
227,228,0.38848334550857544
242,439,1.0
247,791,0.465201735496521
247,590,0.45708972215652466
247,3233,0.3568871021270752
248,4174,0.5504991114139557
248,2435,0.4693557024002075
248,1819,0.46689385175704956
268,409,0.33275306224823
273,706,0.48470258712768555
274,286,0.3427746295928955
276,1435,0.3233335018157959
276,1302,0.3046191334724426
293,886,0.37255358695983887
295,499,0.30415016412734985
296,691,0.3619299530982971
296,499,0.32954585552215576
296,606,0.31994062662124634
309,2074,0.3008158802986145
344,380,1.0
344,476,1.0
344,538,1.0
344,545,1.0
344,559,1.0
344,584,1.0
344,626,1.0
344,704,1.0
344,724,1.0
344,939,1.0
344,990,1.0
344,1352,1.0
344,1579,1.0
344,1624,1.0
344,1705,1.0
344,2132,1.0
344,2548,1.0
344,3003,1.0
344,3172,1.0
344,3359,1.0
344,351,1.0
351,448,1.0
351,632,1.0
351,666,1.0
351,815,1.0
351,821,1.0
351,967,1.0
351,1007,1.0
351,1097,1.0
351,1173,1.0
351,1237,1.0
351,1813,1.0
351,1882,1.0
351,1903,1.0
351,2212,1.0
351,2242,1.0
351,2429,1.0
351,2760,1.0
351,2865,1.0
356,357,0.3023199439048767
358,359,0.5663917064666748
361,362,0.459416925907135
364,365,0.3742445111274719
364,366,0.37118250131607056
380,448,1.0
380,632,1.0
380,666,1.0
380,815,1.0
380,821,1.0
380,967,1.0
380,1007,1.0
380,1097,1.0
380,1173,1.0
380,1237,1.0
380,1813,1.0
380,1882,1.0
380,1903,1.0
380,2212,1.0
380,2242,1.0
380,2429,1.0
380,2760,1.0
380,2865,1.0
380,3213,1.0
380,3287,1.0
380,3307,1.0
380,3756,1.0
380,3871,1.0
380,4604,1.0
380,4770,1.0
399,2271,0.35838425159454346
405,412,0.43312138319015503
405,427,0.397366464138031
405,411,0.37411564588546753
406,424,0.5221205651760101
406,413,0.38788700103759766
406,428,0.38788700103759766
406,410,0.31049370765686035
407,425,1.0
407,416,0.34414488077163696
407,426,0.31889933347702026
408,426,0.3783501982688904
410,426,0.41752761602401733
410,424,0.3301543593406677
411,427,0.5039075314998627
411,412,0.5005293190479279
412,427,0.8075586706399918
412,1187,0.37103843688964844
412,1181,0.3497166037559509
412,1188,0.3398308753967285
412,1198,0.3192903995513916
413,428,1.0
413,424,0.3262961506843567
414,429,0.38545942306518555
416,425,0.34414488077163696
416,426,0.3211371898651123
417,432,0.46223706007003784
417,431,0.3151726722717285
421,438,0.5675716400146484
423,430,0.3634541630744934
423,426,0.34451907873153687
424,428,0.3262961506843567
425,425,1.0
425,426,0.31889933347702026
426,430,0.3693757653236389
426,434,0.30504530668258667
427,1187,0.3420630097389221
427,1188,0.32413339614868164
427,1181,0.32052886486053467
427,1198,0.3197302222251892
428,428,1.0
433,434,0.3268394470214844
439,439,1.0
445,1230,0.309347927570343
448,476,1.0
448,538,1.0
448,545,1.0
448,559,1.0
448,584,1.0
448,626,1.0
448,704,1.0
448,724,1.0
448,939,1.0
448,990,1.0
448,1352,1.0
448,1579,1.0
448,1624,1.0
448,1705,1.0
448,2132,1.0
448,2548,1.0
448,3003,1.0
448,3172,1.0
448,3359,1.0
453,455,0.30032461881637573
455,462,0.4004673957824707
455,463,0.3149636387825012
476,632,1.0
476,666,1.0
476,815,1.0
476,821,1.0
476,967,1.0
476,1007,1.0
476,1097,1.0
476,1173,1.0
476,1237,1.0
476,1813,1.0
476,1882,1.0
476,1903,1.0
476,2212,1.0
476,2242,1.0
476,2429,1.0
476,2760,1.0
476,2865,1.0
476,3213,1.0
476,3287,1.0
476,3307,1.0
476,3756,1.0
476,3871,1.0
476,4604,1.0
476,4770,1.0
477,675,0.3395545482635498
489,490,0.3297305703163147
494,495,0.32991212606430054
497,498,0.36845386028289795
499,691,0.384857177734375
499,570,0.3284510374069214
499,558,0.3114633560180664
501,502,0.3765406608581543
528,546,0.36865097284317017
538,632,1.0
538,666,1.0
538,815,1.0
538,821,1.0
538,967,1.0
538,1007,1.0
538,1097,1.0
538,1173,1.0
538,1237,1.0
538,1813,1.0
538,1882,1.0
538,1903,1.0
538,2212,1.0
538,2242,1.0
538,2429,1.0
538,2760,1.0
538,2865,1.0
538,3213,1.0
538,3287,1.0
538,3307,1.0
538,3756,1.0
538,3871,1.0
538,4604,1.0
538,4770,1.0
545,632,1.0
545,666,1.0
545,815,1.0
545,821,1.0
545,967,1.0
545,1007,1.0
545,1097,1.0
545,1173,1.0
545,1237,1.0
545,1813,1.0
545,1882,1.0
545,1903,1.0
545,2212,1.0
545,2242,1.0
545,2429,1.0
545,2760,1.0
545,2865,1.0
545,3213,1.0
545,3287,1.0
545,3307,1.0
545,3756,1.0
545,3871,1.0
545,4604,1.0
545,4770,1.0
556,4549,0.4020150899887085
557,570,0.31216371059417725
558,606,0.30973511934280396
559,632,1.0
559,666,1.0
559,815,1.0
559,821,1.0
559,967,1.0
559,1007,1.0
559,1097,1.0
559,1173,1.0
559,1237,1.0
559,1813,1.0
559,1882,1.0
559,1903,1.0
559,2212,1.0
559,2242,1.0
559,2429,1.0
559,2760,1.0
559,2865,1.0
559,3213,1.0
559,3287,1.0
559,3307,1.0
559,3756,1.0
559,3871,1.0
559,4604,1.0
559,4770,1.0
563,564,0.37904995679855347
564,565,0.3503449559211731
570,631,0.3116115927696228
573,676,0.3457549214363098
584,632,1.0
584,666,1.0
584,815,1.0
584,821,1.0
584,967,1.0
584,1007,1.0
584,1097,1.0
584,1173,1.0
584,1237,1.0
584,1813,1.0
584,1882,1.0
584,1903,1.0
584,2212,1.0
584,2242,1.0
584,2429,1.0
584,2760,1.0
584,2865,1.0
584,3213,1.0
584,3287,1.0
584,3307,1.0
584,3756,1.0
584,3871,1.0
584,4604,1.0
584,4770,1.0
589,617,0.35738223791122437
589,625,0.32420068979263306
590,3233,0.497486412525177
590,791,0.4693859815597534
595,596,0.4044928550720215
617,618,0.31322890520095825
618,625,0.3404899835586548
626,632,1.0
626,666,1.0
626,815,1.0
626,821,1.0
626,967,1.0
626,1007,1.0
626,1097,1.0
626,1173,1.0
626,1237,1.0
626,1813,1.0
626,1882,1.0
626,1903,1.0
626,2212,1.0
626,2242,1.0
626,2429,1.0
626,2760,1.0
626,2865,1.0
626,3213,1.0
626,3287,1.0
626,3307,1.0
626,3756,1.0
626,3871,1.0
626,4604,1.0
626,4770,1.0
629,1688,0.3416450619697571
632,704,1.0
632,724,1.0
632,939,1.0
632,990,1.0
632,1352,1.0
632,1579,1.0
632,1624,1.0
632,1705,1.0
632,2132,1.0
632,2548,1.0
632,3003,1.0
632,3172,1.0
632,3359,1.0
636,1169,0.3417819142341614
636,2271,0.30313897132873535
640,641,0.35111528635025024
644,645,0.3370877504348755
653,664,0.3715870976448059
653,659,0.33723151683807373
653,663,0.33347445726394653
653,1236,0.3077487349510193
657,768,0.3398441672325134
659,660,0.3438228368759155
662,772,0.3188707232475281
666,704,1.0
666,724,1.0
666,939,1.0
666,990,1.0
666,1352,1.0
666,1579,1.0
666,1624,1.0
666,1705,1.0
666,2132,1.0
666,2548,1.0
666,3003,1.0
666,3172,1.0
666,3359,1.0
704,815,1.0
704,821,1.0
704,967,1.0
704,1007,1.0
704,1097,1.0
704,1173,1.0
704,1237,1.0
704,1813,1.0
704,1882,1.0
704,1903,1.0
704,2212,1.0
704,2242,1.0
704,2429,1.0
704,2760,1.0
704,2865,1.0
704,3213,1.0
704,3287,1.0
704,3307,1.0
704,3756,1.0
704,3871,1.0
704,4604,1.0
704,4770,1.0
724,815,1.0
724,821,1.0
724,967,1.0
724,1007,1.0
724,1097,1.0
724,1173,1.0
724,1237,1.0
724,1813,1.0
724,1882,1.0
724,1903,1.0
724,2212,1.0
724,2242,1.0
724,2429,1.0
724,2760,1.0
724,2865,1.0
724,3213,1.0
724,3287,1.0
724,3307,1.0
724,3756,1.0
724,3871,1.0
724,4604,1.0
724,4770,1.0
729,735,0.4086529016494751
751,753,0.44473975896835327
752,1791,0.3292808532714844
752,1800,0.315189003944397
769,777,0.5322548449039459
769,775,0.46293073892593384
769,776,0.3912853002548218
769,770,0.3820747137069702
770,777,0.35012513399124146
770,776,0.3418487310409546
771,778,0.7385374307632446
771,776,0.49297499656677246
771,773,0.38241684436798096
772,779,0.5966790914535522
772,774,0.43533313274383545
775,777,0.581711083650589
775,776,0.3110085129737854
776,778,0.5511254370212555
776,777,0.36317670345306396
784,805,0.3015439510345459
791,3233,0.39293158054351807
791,4862,0.3171764612197876
791,1661,0.30979228019714355
791,3939,0.3093741536140442
802,803,0.31677931547164917
805,825,0.40496355295181274
805,806,0.35033488273620605
810,1079,0.3267361521720886
811,1344,0.41304659843444824
811,1202,0.32802391052246094
813,824,0.30221307277679443
815,939,1.0
815,990,1.0
815,1352,1.0
815,1579,1.0
815,1624,1.0
815,1705,1.0
815,2132,1.0
815,2548,1.0
815,3003,1.0
815,3172,1.0
815,3359,1.0
821,939,1.0
821,990,1.0
821,1352,1.0
821,1579,1.0
821,1624,1.0
821,1705,1.0
821,2132,1.0
821,2548,1.0
821,3003,1.0
821,3172,1.0
821,3359,1.0
824,2745,0.38233232498168945
842,843,0.34937089681625366
851,853,0.3457108736038208
857,973,0.32010048627853394
857,1662,0.3037307858467102
858,885,0.33352285623550415
873,874,0.3237830400466919
887,1990,0.3686336278915405
900,901,0.30059701204299927
908,3923,0.30947840213775635
914,1077,0.3293032646179199
915,1733,0.3384740948677063
915,1078,0.3148656487464905
939,967,1.0
939,1007,1.0
939,1097,1.0
939,1173,1.0
939,1237,1.0
939,1813,1.0
939,1882,1.0
939,1903,1.0
939,2212,1.0
939,2242,1.0
939,2429,1.0
939,2760,1.0
939,2865,1.0
939,3213,1.0
939,3287,1.0
939,3307,1.0
939,3756,1.0
939,3871,1.0
939,4604,1.0
939,4770,1.0
941,1001,0.30245381593704224
942,947,0.39063823223114014
942,946,0.3455280661582947
942,1078,0.3050328493118286
946,947,0.3740193247795105
967,990,1.0
967,1352,1.0
967,1579,1.0
967,1624,1.0
967,1705,1.0
967,2132,1.0
967,2548,1.0
967,3003,1.0
967,3172,1.0
967,3359,1.0
971,1001,0.36800628900527954
973,1921,0.31283020973205566
973,1909,0.30963563919067383
990,1007,1.0
990,1097,1.0
990,1173,1.0
990,1237,1.0
990,1813,1.0
990,1882,1.0
990,1903,1.0
990,2212,1.0
990,2242,1.0
990,2429,1.0
990,2760,1.0
990,2865,1.0
990,3213,1.0
990,3287,1.0
990,3307,1.0
990,3756,1.0
990,3871,1.0
990,4604,1.0
990,4770,1.0
1007,1352,1.0
1007,1579,1.0
1007,1624,1.0
1007,1705,1.0
1007,2132,1.0
1007,2548,1.0
1007,3003,1.0
1007,3172,1.0
1007,3359,1.0
1013,1019,0.3176855444908142
1013,1014,0.33694493770599365
1022,2079,0.3132873773574829
1033,1664,0.3223317861557007
1035,1170,0.3022332191467285
1045,2706,0.7063623070716858
1045,1954,0.6459319591522217
1045,3008,0.6459319591522217
1045,4618,0.4867956042289734
1045,3881,0.3951115608215332
1045,4170,0.35566335916519165
1075,3556,0.37013131380081177
1076,2842,0.40471506118774414
1076,2946,0.3660355806350708
1076,2944,0.365943968296051
1076,2841,0.3311678171157837
1076,2058,0.30813300609588623
1077,1078,0.33316200971603394
1078,1733,0.3646355867385864
1088,1835,0.3375799059867859
1097,1352,1.0
1097,1579,1.0
1097,1624,1.0
1097,1705,1.0
1097,2132,1.0
1097,2548,1.0
1097,3003,1.0
1097,3172,1.0
1097,3359,1.0
1115,3037,0.3767697811126709
1115,3029,0.3491119146347046
1115,3041,0.3293493986129761
1115,3032,0.3267216682434082
1115,2618,0.32213783264160156
1115,2847,0.3076702356338501
1119,1152,0.3601851463317871
1141,1142,0.3475608229637146
1169,2834,0.3341849446296692
1169,1170,0.3277904987335205
1173,1352,1.0
1173,1579,1.0
1173,1624,1.0
1173,1705,1.0
1173,2132,1.0
1173,2548,1.0
1173,3003,1.0
1173,3172,1.0
1173,3359,1.0
1179,1193,0.7180263698101044
1179,1187,0.3782449960708618
1180,1181,0.33897221088409424
1181,1194,0.4291263818740845
1181,1184,0.3750293254852295
1181,1187,0.3615299463272095
1181,1195,0.35844886302948
1181,1188,0.33223748207092285
1181,1182,0.3270223140716553
1181,2741,0.3106880187988281
1182,1184,0.46163904666900635
1182,1194,0.379382848739624
1182,1187,0.3284386992454529
1183,1197,0.3078678846359253
1184,1187,0.335080087184906
1184,1194,0.3163379430770874
1186,1192,0.398057758808136
1186,1191,0.31712275743484497
1187,1193,0.4596112370491028
1187,1194,0.4227207899093628
1187,3190,0.34564393758773804
1187,1188,0.30919361114501953
1188,1195,0.41102516651153564
1188,1189,0.38374996185302734
1216,2764,0.3460302948951721
1220,1228,0.34142959117889404
1237,1352,1.0
1237,1579,1.0
1237,1624,1.0
1237,1705,1.0
1237,2132,1.0
1237,2548,1.0
1237,3003,1.0
1237,3172,1.0
1237,3359,1.0
1251,1322,0.35741013288497925
1302,1435,0.30805933475494385
1304,1330,0.3093339204788208
1315,1316,0.3292756676673889
1326,1454,0.30466270446777344
1326,1533,0.38557255268096924
1327,1367,0.44264674186706543
1327,1455,0.3520936369895935
1339,1982,0.348541259765625
1339,1751,0.3238658308982849
1339,2346,0.31432682275772095
1340,2629,0.3304147720336914
1347,1994,0.31993746757507324
1352,1813,1.0
1352,1882,1.0
1352,1903,1.0
1352,2212,1.0
1352,2242,1.0
1352,2429,1.0
1352,2760,1.0
1352,2865,1.0
1352,3213,1.0
1352,3287,1.0
1352,3307,1.0
1352,3756,1.0
1352,3871,1.0
1352,4604,1.0
1352,4770,1.0
1367,1455,0.5854106545448303
1373,1452,0.3709266185760498
1386,1387,0.35186314582824707
1404,1409,0.4376067519187927
1444,4011,0.331138014793396
1448,2092,0.3475847840309143
1454,2584,0.30901622772216797
1484,1485,0.373049795627594
1500,1509,0.35819584131240845
1505,1506,0.4157368540763855
1505,1508,0.3484596014022827
1505,1507,0.33595192432403564
1506,1507,0.3187633752822876
1510,1511,0.3574014902114868
1522,1835,0.32399529218673706
1523,1544,0.4123290181159973
1537,1538,0.46341049671173096
1544,1566,0.31988465785980225
1560,1613,0.33680689334869385
1568,4841,0.32652807235717773
1568,4561,0.3105459213256836
1579,1813,1.0
1579,1882,1.0
1579,1903,1.0
1579,2212,1.0
1579,2242,1.0
1579,2429,1.0
1579,2760,1.0
1579,2865,1.0
1579,3213,1.0
1579,3287,1.0
1579,3307,1.0
1579,3756,1.0
1579,3871,1.0
1579,4604,1.0
1579,4770,1.0
1597,1757,0.3151587247848511
1608,1609,0.4304921627044678
1608,3799,0.3257337808609009
1608,2160,0.3250066041946411
1608,2410,0.3184562921524048
1609,3799,0.4182804822921753
1609,1610,0.39293211698532104
1609,2160,0.3297780752182007
1609,2448,0.30591559410095215
1613,1958,0.32687073945999146
1615,1616,0.33542633056640625
1617,1618,0.3294244408607483
1618,3899,0.35748159885406494
1624,1813,1.0
1624,1882,1.0
1624,1903,1.0
1624,2212,1.0
1624,2242,1.0
1624,2429,1.0
1624,2760,1.0
1624,2865,1.0
1624,3213,1.0
1624,3287,1.0
1624,3307,1.0
1624,3756,1.0
1624,3871,1.0
1624,4604,1.0
1624,4770,1.0
1628,2809,0.30795490741729736
1650,4104,0.31641465425491333
1650,1667,0.31130343675613403
1658,4817,0.32159775495529175
1661,3233,0.38252490758895874
1661,3939,0.3552941083908081
1661,4862,0.3094678521156311
1666,1667,0.35276442766189575
1666,1701,0.3244052529335022
1666,1678,0.3216787576675415
1667,1675,0.3447313904762268
1667,1701,0.32866668701171875
1667,1678,0.31247514486312866
1673,1674,0.4284205436706543
1678,1701,0.37181806564331055
1685,4087,0.3528597354888916
1691,1802,0.30652499198913574
1695,2080,0.36417156457901
1705,1813,1.0
1705,1882,1.0
1705,1903,1.0
1705,2212,1.0
1705,2242,1.0
1705,2429,1.0
1705,2760,1.0
1705,2865,1.0
1705,3213,1.0
1705,3287,1.0
1705,3307,1.0
1705,3756,1.0
1705,3871,1.0
1705,4604,1.0
1705,4770,1.0
1716,1768,0.4108927249908447
1718,2620,0.3020394444465637
1738,2491,0.36012887954711914
1738,4152,0.31623566150665283
1788,1797,0.7528643757104874
1789,1798,1.0
1790,1799,1.0
1791,1800,0.4500717520713806
1798,1798,1.0
1799,1799,1.0
1813,2132,1.0
1813,2548,1.0
1813,3003,1.0
1813,3172,1.0
1813,3359,1.0
1819,2435,0.7526984214782715
1819,4174,0.5369333922863007
1819,1908,0.3304438591003418
1835,3266,0.3133874535560608
1836,1837,0.4148140549659729
1855,4277,0.3012555241584778
1859,2111,0.4645240902900696
1859,2219,0.4427887797355652
1859,3366,0.4124971032142639
1859,2332,0.3485388159751892
1882,2132,1.0
1882,2548,1.0
1882,3003,1.0
1882,3172,1.0
1882,3359,1.0
1883,4092,0.3180670142173767
1883,4783,0.30075186491012573
1897,2235,0.31346505880355835
1899,2060,0.3169247508049011
1903,2132,1.0
1903,2548,1.0
1903,3003,1.0
1903,3172,1.0
1903,3359,1.0
1908,2435,0.3361314535140991
1908,4174,0.3231566548347473
1910,2025,0.37640923261642456
1918,4726,0.4326566457748413
1918,3029,0.33595705032348633
1918,2847,0.32277536392211914
1918,3037,0.3223399519920349
1918,2700,0.30139195919036865
1918,3041,0.3003948926925659
1954,3008,1.0
1954,2706,0.593640148639679
1954,4618,0.4706532955169678
1954,3881,0.36280953884124756
1954,4170,0.33412855863571167
1954,2796,0.3074273467063904
1983,1984,0.36125701665878296
2001,2002,0.34009385108947754
2002,2003,0.4178312420845032
2005,3817,0.3227040767669678
2005,3816,0.32192009687423706
2025,2299,0.3161619305610657
2030,2770,0.3480246663093567
2031,2073,0.4180105924606323
2031,2225,0.30960285663604736
2038,2048,0.4272395372390747
2039,2047,0.4144635796546936
2040,2047,0.34051746129989624
2058,2946,0.3356519937515259
2058,2772,0.3187083601951599
2073,2225,0.3837771415710449
2078,2079,0.39778023958206177
2085,2086,0.3585110306739807
2085,2108,0.34654974937438965
2111,3366,0.4594385027885437
2111,2219,0.4483635425567627
2111,2332,0.39750921726226807
2132,2212,1.0
2132,2242,1.0
2132,2429,1.0
2132,2760,1.0
2132,2865,1.0
2132,3213,1.0
2132,3287,1.0
2132,3307,1.0
2132,3756,1.0
2132,3871,1.0
2132,4604,1.0
2132,4770,1.0
2135,2280,0.3063853979110718
2160,2410,0.30238819122314453
2171,4003,0.3303263187408447
2174,2752,0.5029453039169312
2183,4053,0.3610234260559082
2189,2209,0.3059738874435425
2212,2548,1.0
2212,3003,1.0
2212,3172,1.0
2212,3359,1.0
2216,2217,0.37314921617507935
2219,2220,0.38144874572753906
2219,3366,0.3788168430328369
2219,2332,0.33787697553634644
2234,4159,0.3243052363395691
2237,3041,0.3142890930175781
2242,2548,1.0
2242,3003,1.0
2242,3172,1.0
2242,3359,1.0
2246,2358,0.3248329758644104
2254,2255,0.316997230052948
2259,2343,0.5592507719993591
2263,2264,0.406830370426178
2263,2268,0.36192435026168823
2264,2268,0.3019844889640808
2273,2369,0.391440212726593
2275,2276,0.36235666275024414
2293,2367,0.30854326486587524
2312,2313,0.34673529863357544
2332,2333,0.4890024662017822
2332,3366,0.3949485421180725
2353,2354,0.5084940791130066
2356,2706,0.31686466932296753
2369,2412,0.3097892999649048
2379,2380,0.4254411458969116
2383,2770,0.32515090703964233
2389,2458,0.34899401664733887
2396,2401,0.3239661455154419
2398,2399,0.572977602481842
2398,2403,0.572977602481842
2399,2403,1.0
2402,2406,0.3524630665779114
2403,2403,1.0
2405,2406,0.3170289397239685
2409,3096,0.3415721654891968
2429,2548,1.0
2429,3003,1.0
2429,3172,1.0
2429,3359,1.0
2431,2671,0.3143061399459839
2435,4174,0.6386677026748657
2452,4152,0.3039892911911011
2491,4152,0.328011691570282
2496,2497,0.41228288412094116
2496,2503,0.3068734407424927
2497,2503,0.3056766986846924
2499,2500,0.34049922227859497
2501,2502,0.31076937913894653
2504,2505,0.4255002737045288
2506,2508,0.4589204788208008
2520,2654,0.34611666202545166
2541,2542,0.41076380014419556
2548,2760,1.0
2548,2865,1.0
2548,3213,1.0
2548,3287,1.0
2548,3307,1.0
2548,3756,1.0
2548,3871,1.0
2548,4604,1.0
2548,4770,1.0
2575,2576,0.36878669261932373
2575,2578,0.31570708751678467
2576,2578,0.3659436106681824
2577,2578,0.3450562357902527
2587,2603,0.5088138580322266
2587,2606,0.37073928117752075
2587,2590,0.3546055555343628
2588,2604,0.6611833274364471
2590,2606,0.3639149069786072
2591,2607,0.376470148563385
2591,2593,0.3072323203086853
2593,2607,0.3443679213523865
2595,2608,0.3770657181739807
2618,3037,0.34650570154190063
2618,2847,0.3389596939086914
2618,3559,0.31613612174987793
2620,2731,0.32596415281295776
2656,4907,0.31308913230895996
2700,3029,0.3490329384803772
2700,3037,0.3208150863647461
2700,2847,0.3187568783760071
2702,4667,0.35392481088638306
2704,5086,0.33269888162612915
2706,3008,0.593640148639679
2706,4618,0.43602466583251953
2706,3881,0.4262966513633728
2706,4170,0.34988754987716675
2706,2719,0.3372981548309326
2706,3083,0.30127716064453125
2721,2731,0.33653485774993896
2731,2745,0.30034226179122925
2732,2733,0.32791101932525635
2733,3660,0.32645314931869507
2744,2770,0.35631054639816284
2744,2823,0.3124868869781494
2760,3003,1.0
2760,3172,1.0
2760,3359,1.0
2763,3083,0.3106023073196411
2764,2809,0.41877251863479614
2764,2765,0.39417755603790283
2764,2806,0.30162137746810913
2765,2809,0.3035259246826172
2771,2772,0.3561782240867615
2771,2809,0.3138529658317566
2771,2805,0.30857133865356445
2796,3008,0.3074273467063904
2800,2801,0.30749815702438354
2805,2809,0.37563657760620117
2805,3297,0.3218344449996948
2805,2830,0.3031812906265259
2805,2966,0.30026471614837646
2806,2809,0.35262787342071533
2806,2810,0.3336200714111328
2809,2810,0.4088132977485657
2809,3297,0.3888857364654541
2816,2817,0.3281494379043579
2817,3148,0.318214476108551
2825,4636,0.34751570224761963
2830,2966,0.37199413776397705
2830,2831,0.3433207869529724
2830,2901,0.3173920512199402
2830,3297,0.30345338582992554
2831,2841,0.3404373526573181
2831,2967,0.30041778087615967
2833,2834,0.33957600593566895
2840,2843,0.3553099036216736
2841,2842,0.35842466354370117
2841,2983,0.32481974363327026
2842,2944,0.32326173782348633
2842,3655,0.3109077215194702
2847,2849,0.34774351119995117
2847,3037,0.3309595584869385
2847,3029,0.3249990940093994
2857,2858,0.38180363178253174
2862,4657,0.36255478858947754
2865,3003,1.0
2865,3172,1.0
2865,3359,1.0
2890,3183,0.4560070037841797
2892,2893,0.3973463773727417
2901,2966,0.3038087487220764
2912,2913,0.31001055240631104
2917,3514,0.37390923500061035
2923,2924,0.4998932480812073
2928,4884,0.3722604513168335
2933,4560,0.3193022608757019
2938,3001,0.304324746131897
2944,2945,0.3287215232849121
2944,2946,0.30053049325942993
2945,2946,0.4005650281906128
2956,3182,0.3694651126861572
2959,2984,0.3466262221336365
2960,2965,0.326521098613739
2960,2985,0.3162819743156433
2966,3297,0.3264584541320801
2984,3120,0.32232391834259033
2984,2985,0.303791344165802
2989,3203,0.3347991704940796
2991,5034,0.398624062538147
2996,2997,0.32686400413513184
3001,4726,0.3019906282424927
3001,3451,0.30162686109542847
3003,3213,1.0
3003,3287,1.0
3003,3307,1.0
3003,3756,1.0
3003,3871,1.0
3003,4604,1.0
3003,4770,1.0
3008,3008,1.0
3008,4618,0.4706532955169678
3008,3881,0.36280953884124756
3008,4170,0.33412855863571167
3013,3938,0.4214041829109192
3027,3044,0.34617185592651367
3028,3037,0.3525097370147705
3028,3036,0.31857019662857056
3028,3050,0.3045055866241455
3029,3037,0.45496249198913574
3029,3032,0.39040541648864746
3029,3041,0.345989465713501
3029,3031,0.34006398916244507
3031,3037,0.475189208984375
3031,3041,0.41796934604644775
3031,3032,0.3963528275489807
3032,3037,0.5153173804283142
3032,3041,0.4802567958831787
3037,3041,0.46612846851348877
3037,3966,0.32414644956588745
3041,3966,0.3459116220474243
3041,3968,0.3105998635292053
3041,5007,0.30355972051620483
3093,3109,0.43897342681884766
3097,3098,0.3892328143119812
3097,3099,0.34651827812194824
3098,3104,0.3798721432685852
3099,3105,0.37384968996047974
3099,3104,0.31815654039382935
3102,3103,0.31887757778167725
3104,3105,0.3254845142364502
3123,3134,0.326028048992157
3123,3127,0.32134777307510376
3127,3137,0.31467676162719727
3140,3141,0.3381381034851074
3147,3148,0.3021736741065979
3154,3155,0.4740760326385498
3172,3213,1.0
3172,3287,1.0
3172,3307,1.0
3172,3756,1.0
3172,3871,1.0
3172,4604,1.0
3172,4770,1.0
3213,3359,1.0
3222,3482,0.4237421751022339
3222,3371,0.3536829352378845
3233,4862,0.3658684492111206
3233,3939,0.36458683013916016
3235,4016,0.35884445905685425
3240,3418,0.3232220411300659
3245,4561,0.33279359340667725
3257,3937,0.30684351921081543
3271,3272,0.5774811506271362
3274,3275,0.39844298362731934
3275,3276,0.3589245080947876
3286,3310,0.3649778366088867
3287,3359,1.0
3288,3298,0.3148000240325928
3298,3709,0.30736273527145386
3300,3736,0.4213417172431946
3301,3623,1.0
3301,3913,0.407090425491333
3301,3803,0.36661529541015625
3301,3326,0.3414843678474426
3301,3415,0.3414843678474426
3301,3566,0.3414843678474426
3301,3610,0.3414843678474426
3301,4136,0.3414843678474426
3301,4151,0.3414843678474426
3301,4601,0.3414843678474426
3301,4639,0.3414843678474426
3301,4699,0.3414843678474426
3301,4769,0.3414843678474426
3301,4782,0.3414843678474426
3301,4906,0.3414843678474426
3301,3355,0.3265919089317322
3307,3359,1.0
3326,3415,1.0
3326,3566,1.0
3326,3610,1.0
3326,4136,1.0
3326,4151,1.0
3326,4601,1.0
3326,4639,1.0
3326,4699,1.0
3326,4769,1.0
3326,4782,1.0
3326,4906,1.0
3326,3803,0.7481429576873779
3326,3481,0.38074439764022827
3326,3623,0.3414843678474426
3327,3328,0.3564862012863159
3333,4017,0.3201536536216736
3346,3471,0.4310096502304077
3349,3352,0.3326466679573059
3355,3623,0.3265919089317322
3356,3968,0.31793391704559326
3359,3756,1.0
3359,3871,1.0
3359,4604,1.0
3359,4770,1.0
3370,3371,0.3161976933479309
3371,3482,0.33868420124053955
3394,3435,0.32762008905410767
3415,3415,1.0
3415,3566,1.0
3415,3610,1.0
3415,4136,1.0
3415,4151,1.0
3415,4601,1.0
3415,4639,1.0
3415,4699,1.0
3415,4769,1.0
3415,4782,1.0
3415,4906,1.0
3415,3803,0.7481429576873779
3415,3481,0.38074439764022827
3415,3623,0.3414843678474426
3421,3422,0.30597060918807983
3423,3424,0.43831807374954224
3423,3443,0.355272114276886
3424,3443,0.45781630277633667
3424,3426,0.39586007595062256
3426,3443,0.3538661003112793
3443,3630,0.35511207580566406
3460,3461,0.34613680839538574
3471,3472,0.3626864552497864
3481,3566,0.38074439764022827
3481,3610,0.38074439764022827
3481,4136,0.38074439764022827
3481,4151,0.38074439764022827
3481,4601,0.38074439764022827
3481,4639,0.38074439764022827
3481,4699,0.38074439764022827
3481,4769,0.38074439764022827
3481,4782,0.38074439764022827
3481,4906,0.38074439764022827
3481,3803,0.36839091777801514
3487,3488,0.32070600986480713
3499,3500,0.4165918231010437
3503,3504,0.5800614356994629
3510,3511,0.32792145013809204
3528,3529,0.3302742838859558
3532,3773,0.3467147946357727
3549,5079,0.3573530316352844
3549,3550,0.30721068382263184
3566,3566,1.0
3566,3610,1.0
3566,4136,1.0
3566,4151,1.0
3566,4601,1.0
3566,4639,1.0
3566,4699,1.0
3566,4769,1.0
3566,4782,1.0
3566,4906,1.0
3566,3803,0.7481429576873779
3566,3623,0.3414843678474426
3594,5079,0.30630236864089966
3610,3610,1.0
3610,4136,1.0
3610,4151,1.0
3610,4601,1.0
3610,4639,1.0
3610,4699,1.0
3610,4769,1.0
3610,4782,1.0
3610,4906,1.0
3610,3803,0.7481429576873779
3610,3623,0.3414843678474426
3617,4814,0.30696767568588257
3623,3623,1.0
3623,3913,0.407090425491333
3623,3803,0.36661529541015625
3623,4136,0.3414843678474426
3623,4151,0.3414843678474426
3623,4601,0.3414843678474426
3623,4639,0.3414843678474426
3623,4699,0.3414843678474426
3623,4769,0.3414843678474426
3623,4782,0.3414843678474426
3623,4906,0.3414843678474426
3642,3643,0.4248657822608948
3653,3738,0.3904746174812317
3679,3681,0.3648498058319092
3722,3723,0.45106905698776245
3729,3813,0.30335569381713867
3744,3915,0.3478376269340515
3753,3764,0.39415305852890015
3755,3765,0.3863023519515991
3761,4724,0.33125120401382446
3773,3774,0.3033127188682556
3803,4136,0.7481429576873779
3803,4151,0.7481429576873779
3803,4601,0.7481429576873779
3803,4639,0.7481429576873779
3803,4699,0.7481429576873779
3803,4769,0.7481429576873779
3803,4782,0.7481429576873779
3803,4906,0.7481429576873779
3825,3927,0.38017815351486206
3825,3928,0.33882081508636475
3825,4121,0.3120238780975342
3832,3910,0.3105522394180298
3846,3861,0.32464146614074707
3846,3859,0.31866103410720825
3846,3862,0.3051292896270752
3848,3862,0.44150084257125854
3848,3861,0.3618648052215576
3848,3859,0.32965975999832153
3851,3852,0.33369147777557373
3858,3861,0.3525404930114746
3859,3861,0.6642299294471741
3859,3862,0.4431267976760864
3859,3860,0.33795344829559326
3860,3861,0.44452643394470215
3860,3862,0.40612858533859253
3861,3862,0.44694310426712036
3874,3879,0.4760541319847107
3881,4556,0.3128378391265869
3884,3885,0.309464693069458
3890,3909,0.3066554069519043
3914,3915,0.32646244764328003
3926,3927,0.33491063117980957
3933,3934,0.38829827308654785
3939,4862,0.36458832025527954
3966,3967,0.5067113935947418
3966,3968,0.36601102352142334
3966,4561,0.33834314346313477
3966,4841,0.3383059501647949
3966,4758,0.3048297166824341
3967,3968,0.4328857660293579
3967,4561,0.3678293824195862
3967,4841,0.34152430295944214
3968,5007,0.42879724502563477
3968,4561,0.3299068808555603
3973,3997,0.33422064781188965
3974,3997,0.34902042150497437
3974,3985,0.31672805547714233
3982,3988,0.31390541791915894
3987,3988,0.4041213393211365
3988,4565,0.3018302321434021
3988,4560,0.300615131855011
3995,3996,0.36606109142303467
4003,4004,0.36134493350982666
4015,4105,0.43644416332244873
4025,4026,0.3024471402168274
4042,4043,0.39039158821105957
4044,4045,0.6658462584018707
4045,4046,0.31030839681625366
4046,4047,0.5530699491500854
4047,4048,0.3093845844268799
4048,4052,0.4343441128730774
4048,4049,0.4233986735343933
4049,4051,0.40850114822387695
4053,4566,0.36925679445266724
4078,4079,0.4389960765838623
4096,4097,0.36047816276550293
4097,4102,0.3180900812149048
4101,4102,0.3077053427696228
4136,4136,1.0
4136,4151,1.0
4136,4601,1.0
4136,4639,1.0
4136,4699,1.0
4136,4769,1.0
4136,4782,1.0
4136,4906,1.0
4151,4151,1.0
4151,4601,1.0
4151,4639,1.0
4151,4699,1.0
4151,4769,1.0
4151,4782,1.0
4151,4906,1.0
4159,4747,0.5803475081920624
4160,4748,0.4220810532569885
4245,4519,0.31189316511154175
4282,4283,0.33108842372894287
4285,4309,0.35455846786499023
4286,4309,0.3022193908691406
4299,4300,0.32213228940963745
4310,4311,0.40777480602264404
4439,4440,0.3682776093482971
4469,4486,0.30333274602890015
4537,4550,0.3001291751861572
4561,4596,0.3230466842651367
4579,4917,0.3441506028175354
4601,4601,1.0
4601,4639,1.0
4601,4699,1.0
4601,4769,1.0
4601,4782,1.0
4601,4906,1.0
4624,4625,0.3424150347709656
4639,4639,1.0
4639,4699,1.0
4639,4769,1.0
4639,4782,1.0
4639,4906,1.0
4642,4643,0.38025325536727905
4656,4669,0.3743782043457031
4673,4674,0.5036047697067261
4682,4709,0.35619521141052246
4687,4688,0.32698506116867065
4699,4699,1.0
4699,4769,1.0
4699,4782,1.0
4699,4906,1.0
4723,4783,0.34344708919525146
4724,4778,0.32793301343917847
4726,5080,0.4088069796562195
4726,5038,0.3506016731262207
4727,4837,0.3526230454444885
4732,4733,0.3174459934234619
4735,4736,0.49881136417388916
4769,4769,1.0
4769,4782,1.0
4769,4906,1.0
4782,4782,1.0
4782,4906,1.0
4785,4786,0.3308958411216736
4789,4790,0.3943096399307251
4795,4802,0.35181689262390137
4802,4821,0.3358538746833801
4809,4810,0.38861989974975586
4812,4821,0.33601051568984985
4906,4906,1.0
4927,4928,0.36389994621276855
4941,4961,0.31140828132629395
4951,5080,0.3119781017303467
4966,4967,0.3243539333343506
4967,4969,0.3708556294441223
5024,5081,0.3104829788208008
5024,5033,0.30948173999786377
5026,5027,0.3230031728744507
5046,5048,0.367060124874115
5055,5056,0.41216379404067993
5071,5072,0.41030144691467285
5085,5086,0.3785688281059265
5086,5090,0.3853214383125305
5086,5089,0.30161869525909424
5099,5100,0.36902952194213867
5106,5107,0.33226877450942993
